{
  "urls": [
    "assets/sounds.mp3"
  ],
  "sprite": {
    "defend": [
      0,
      169.52380952380952
    ],
    "lose": [
      2000,
      862.3809523809523
    ],
    "move": [
      4000,
      272.97052154195
    ],
    "select": [
      6000,
      35.62358276643973
    ],
    "win": [
      8000,
      861.4965986394552
    ]
  }
}