{
  "urls": [
    "assets/sounds.mp3"
  ],
  "sprite": {
    "defend": [
      0,
      4379.68253968254
    ],
    "game-over": [
      6000,
      862.3809523809527
    ],
    "move": [
      8000,
      272.97052154195
    ],
    "select": [
      10000,
      35.62358276644062
    ]
  }
}